TenantId,SourceSystem,"TimeGenerated [UTC]",Computer,"EventTime [UTC]",Facility,HostName,SeverityLevel,SyslogMessage,ProcessID,HostIP,ProcessName,MG,CollectorHostName,Type,"_ResourceId",jsonData
"d2ad5bd0-78d5-456d-9eb7-45df89fdcb14",Linux,"5/13/2025, 5:02:12.714 PM","s46r23b-Rack01-TOR-1","5/13/2025, 5:02:12.000 PM",local0,"s46r23b-Rack01-TOR-1",info,"{""name"":""Ethernet 1/1/47:1"",""status"":""up"",""line_proto"":""up"",""mtu"":9216,""HardwareAddr"":""0c:29:ef:c4:cf:4f"",""description"":""P2P_Rack00/B2_To_Rack01/Tor1"",""WaveLength"":850,""MediaFecOption"":""none"",""Iaddr_ipv6"":""MANUAL"",""Iaddr_ipv4"":""100.71.7.10/30"",""LineSpd"":""10G"",""AutoNeg"":""off"",""LastClearedCoutner"":""48 weeks 5 days 19:19:47"",""LastStatusChange"":""7 weeks 6 days 23:28:41"",""Queuing"":""fifo"",""input_stat"":{""pkts"":1525553298,""bytes"":41460460,""multicasts"":3247896,""broadcasts"":8,""unicasts"":1522305394,""runts"":0,""giants"":0,""throttles"":0,""crc"":0,""overrun"":0,""discarded"":0},""output_stat"":{""pkts"":504347776,""bytes"":142526905,""multicasts"":4575704,""broadcasts"":1,""unicasts"":499772071,""throttles"":0,""discarded"":0,""collisions"":0,""wred_drops"":0},""rate_info"":{""inRateMbps"":0,""inPktsPerSec"":4,""inLineRatePct"":0,""outRateMbps"":0,""outPktsPerSec"":3,""outLineRatePct"":0}} ",14781,"127.0.1.1",interface,"00000000-0000-0000-0000-000000000002",,Syslog,"/subscriptions/3e961e1c-d0fb-49c3-99aa-44124d56dd2d/resourcegroups/lab-switches/providers/microsoft.hybridcompute/machines/s46r23b-rack01-tor-1","{""name"":""Ethernet 1/1/47:1"",""status"":""up"",""line_proto"":""up"",""mtu"":9216,""HardwareAddr"":""0c:29:ef:c4:cf:4f"",""description"":""P2P_Rack00/B2_To_Rack01/Tor1"",""WaveLength"":850,""MediaFecOption"":""none"",""Iaddr_ipv6"":""MANUAL"",""Iaddr_ipv4"":""100.71.7.10/30"",""LineSpd"":""10G"",""AutoNeg"":""off"",""LastClearedCoutner"":""48 weeks 5 days 19:19:47"",""LastStatusChange"":""7 weeks 6 days 23:28:41"",""Queuing"":""fifo"",""input_stat"":{""pkts"":1525553298,""bytes"":41460460,""multicasts"":3247896,""broadcasts"":8,""unicasts"":1522305394,""runts"":0,""giants"":0,""throttles"":0,""crc"":0,""overrun"":0,""discarded"":0},""output_stat"":{""pkts"":504347776,""bytes"":142526905,""multicasts"":4575704,""broadcasts"":1,""unicasts"":499772071,""throttles"":0,""discarded"":0,""collisions"":0,""wred_drops"":0},""rate_info"":{""inRateMbps"":0,""inPktsPerSec"":4,""inLineRatePct"":0,""outRateMbps"":0,""outPktsPerSec"":3,""outLineRatePct"":0}}"
"d2ad5bd0-78d5-456d-9eb7-45df89fdcb14",Linux,"5/13/2025, 5:03:26.464 PM","s46r23b-Rack01-TOR-1","5/13/2025, 5:03:26.000 PM",local0,"s46r23b-Rack01-TOR-1",info,"{""name"":""Ethernet 1/1/47:1"",""status"":""up"",""line_proto"":""up"",""mtu"":9216,""HardwareAddr"":""0c:29:ef:c4:cf:4f"",""description"":""P2P_Rack00/B2_To_Rack01/Tor1"",""WaveLength"":850,""MediaFecOption"":""none"",""Iaddr_ipv6"":""MANUAL"",""Iaddr_ipv4"":""100.71.7.10/30"",""LineSpd"":""10G"",""AutoNeg"":""off"",""LastClearedCoutner"":""48 weeks 5 days 19:21:01"",""LastStatusChange"":""7 weeks 6 days 23:29:54"",""Queuing"":""fifo"",""input_stat"":{""pkts"":1525553457,""bytes"":41460468,""multicasts"":3247906,""broadcasts"":8,""unicasts"":1522305543,""runts"":0,""giants"":0,""throttles"":0,""crc"":0,""overrun"":0,""discarded"":0},""output_stat"":{""pkts"":504348070,""bytes"":142526917,""multicasts"":4575718,""broadcasts"":1,""unicasts"":499772351,""throttles"":0,""discarded"":0,""collisions"":0,""wred_drops"":0},""rate_info"":{""inRateMbps"":0,""inPktsPerSec"":1,""inLineRatePct"":0,""outRateMbps"":0,""outPktsPerSec"":6,""outLineRatePct"":0}} ",16391,"127.0.1.1",interface,"00000000-0000-0000-0000-000000000002",,Syslog,"/subscriptions/3e961e1c-d0fb-49c3-99aa-44124d56dd2d/resourcegroups/lab-switches/providers/microsoft.hybridcompute/machines/s46r23b-rack01-tor-1","{""name"":""Ethernet 1/1/47:1"",""status"":""up"",""line_proto"":""up"",""mtu"":9216,""HardwareAddr"":""0c:29:ef:c4:cf:4f"",""description"":""P2P_Rack00/B2_To_Rack01/Tor1"",""WaveLength"":850,""MediaFecOption"":""none"",""Iaddr_ipv6"":""MANUAL"",""Iaddr_ipv4"":""100.71.7.10/30"",""LineSpd"":""10G"",""AutoNeg"":""off"",""LastClearedCoutner"":""48 weeks 5 days 19:21:01"",""LastStatusChange"":""7 weeks 6 days 23:29:54"",""Queuing"":""fifo"",""input_stat"":{""pkts"":1525553457,""bytes"":41460468,""multicasts"":3247906,""broadcasts"":8,""unicasts"":1522305543,""runts"":0,""giants"":0,""throttles"":0,""crc"":0,""overrun"":0,""discarded"":0},""output_stat"":{""pkts"":504348070,""bytes"":142526917,""multicasts"":4575718,""broadcasts"":1,""unicasts"":499772351,""throttles"":0,""discarded"":0,""collisions"":0,""wred_drops"":0},""rate_info"":{""inRateMbps"":0,""inPktsPerSec"":1,""inLineRatePct"":0,""outRateMbps"":0,""outPktsPerSec"":6,""outLineRatePct"":0}}"
"d2ad5bd0-78d5-456d-9eb7-45df89fdcb14",Linux,"5/13/2025, 5:04:40.214 PM","s46r23b-Rack01-TOR-1","5/13/2025, 5:04:39.000 PM",local0,"s46r23b-Rack01-TOR-1",info,"{""name"":""Ethernet 1/1/47:1"",""status"":""up"",""line_proto"":""up"",""mtu"":9216,""HardwareAddr"":""0c:29:ef:c4:cf:4f"",""description"":""P2P_Rack00/B2_To_Rack01/Tor1"",""WaveLength"":850,""MediaFecOption"":""none"",""Iaddr_ipv6"":""MANUAL"",""Iaddr_ipv4"":""100.71.7.10/30"",""LineSpd"":""10G"",""AutoNeg"":""off"",""LastClearedCoutner"":""48 weeks 5 days 19:22:15"",""LastStatusChange"":""7 weeks 6 days 23:31:08"",""Queuing"":""fifo"",""input_stat"":{""pkts"":1525553666,""bytes"":41460482,""multicasts"":3247913,""broadcasts"":8,""unicasts"":1522305745,""runts"":0,""giants"":0,""throttles"":0,""crc"":0,""overrun"":0,""discarded"":0},""output_stat"":{""pkts"":504348364,""bytes"":142526931,""multicasts"":4575726,""broadcasts"":1,""unicasts"":499772637,""throttles"":0,""discarded"":0,""collisions"":0,""wred_drops"":0},""rate_info"":{""inRateMbps"":0,""inPktsPerSec"":1,""inLineRatePct"":0,""outRateMbps"":0,""outPktsPerSec"":7,""outLineRatePct"":0}} ",17303,"127.0.1.1",interface,"00000000-0000-0000-0000-000000000002",,Syslog,"/subscriptions/3e961e1c-d0fb-49c3-99aa-44124d56dd2d/resourcegroups/lab-switches/providers/microsoft.hybridcompute/machines/s46r23b-rack01-tor-1","{""name"":""Ethernet 1/1/47:1"",""status"":""up"",""line_proto"":""up"",""mtu"":9216,""HardwareAddr"":""0c:29:ef:c4:cf:4f"",""description"":""P2P_Rack00/B2_To_Rack01/Tor1"",""WaveLength"":850,""MediaFecOption"":""none"",""Iaddr_ipv6"":""MANUAL"",""Iaddr_ipv4"":""100.71.7.10/30"",""LineSpd"":""10G"",""AutoNeg"":""off"",""LastClearedCoutner"":""48 weeks 5 days 19:22:15"",""LastStatusChange"":""7 weeks 6 days 23:31:08"",""Queuing"":""fifo"",""input_stat"":{""pkts"":1525553666,""bytes"":41460482,""multicasts"":3247913,""broadcasts"":8,""unicasts"":1522305745,""runts"":0,""giants"":0,""throttles"":0,""crc"":0,""overrun"":0,""discarded"":0},""output_stat"":{""pkts"":504348364,""bytes"":142526931,""multicasts"":4575726,""broadcasts"":1,""unicasts"":499772637,""throttles"":0,""discarded"":0,""collisions"":0,""wred_drops"":0},""rate_info"":{""inRateMbps"":0,""inPktsPerSec"":1,""inLineRatePct"":0,""outRateMbps"":0,""outPktsPerSec"":7,""outLineRatePct"":0}}"
"d2ad5bd0-78d5-456d-9eb7-45df89fdcb14",Linux,"5/13/2025, 5:05:53.716 PM","s46r23b-Rack01-TOR-1","5/13/2025, 5:05:53.000 PM",local0,"s46r23b-Rack01-TOR-1",info,"{""name"":""Ethernet 1/1/47:1"",""status"":""up"",""line_proto"":""up"",""mtu"":9216,""HardwareAddr"":""0c:29:ef:c4:cf:4f"",""description"":""P2P_Rack00/B2_To_Rack01/Tor1"",""WaveLength"":850,""MediaFecOption"":""none"",""Iaddr_ipv6"":""MANUAL"",""Iaddr_ipv4"":""100.71.7.10/30"",""LineSpd"":""10G"",""AutoNeg"":""off"",""LastClearedCoutner"":""48 weeks 5 days 19:23:28"",""LastStatusChange"":""7 weeks 6 days 23:32:22"",""Queuing"":""fifo"",""input_stat"":{""pkts"":1525553862,""bytes"":41460486,""multicasts"":3247923,""broadcasts"":8,""unicasts"":1522305931,""runts"":0,""giants"":0,""throttles"":0,""crc"":0,""overrun"":0,""discarded"":0},""output_stat"":{""pkts"":504348674,""bytes"":142526967,""multicasts"":4575741,""broadcasts"":1,""unicasts"":499772932,""throttles"":0,""discarded"":0,""collisions"":0,""wred_drops"":0},""rate_info"":{""inRateMbps"":0,""inPktsPerSec"":2,""inLineRatePct"":0,""outRateMbps"":0,""outPktsPerSec"":5,""outLineRatePct"":0}} ",18100,"127.0.1.1",interface,"00000000-0000-0000-0000-000000000002",,Syslog,"/subscriptions/3e961e1c-d0fb-49c3-99aa-44124d56dd2d/resourcegroups/lab-switches/providers/microsoft.hybridcompute/machines/s46r23b-rack01-tor-1","{""name"":""Ethernet 1/1/47:1"",""status"":""up"",""line_proto"":""up"",""mtu"":9216,""HardwareAddr"":""0c:29:ef:c4:cf:4f"",""description"":""P2P_Rack00/B2_To_Rack01/Tor1"",""WaveLength"":850,""MediaFecOption"":""none"",""Iaddr_ipv6"":""MANUAL"",""Iaddr_ipv4"":""100.71.7.10/30"",""LineSpd"":""10G"",""AutoNeg"":""off"",""LastClearedCoutner"":""48 weeks 5 days 19:23:28"",""LastStatusChange"":""7 weeks 6 days 23:32:22"",""Queuing"":""fifo"",""input_stat"":{""pkts"":1525553862,""bytes"":41460486,""multicasts"":3247923,""broadcasts"":8,""unicasts"":1522305931,""runts"":0,""giants"":0,""throttles"":0,""crc"":0,""overrun"":0,""discarded"":0},""output_stat"":{""pkts"":504348674,""bytes"":142526967,""multicasts"":4575741,""broadcasts"":1,""unicasts"":499772932,""throttles"":0,""discarded"":0,""collisions"":0,""wred_drops"":0},""rate_info"":{""inRateMbps"":0,""inPktsPerSec"":2,""inLineRatePct"":0,""outRateMbps"":0,""outPktsPerSec"":5,""outLineRatePct"":0}}"
"d2ad5bd0-78d5-456d-9eb7-45df89fdcb14",Linux,"5/13/2025, 5:07:07.464 PM","s46r23b-Rack01-TOR-1","5/13/2025, 5:07:07.000 PM",local0,"s46r23b-Rack01-TOR-1",info,"{""name"":""Ethernet 1/1/47:1"",""status"":""up"",""line_proto"":""up"",""mtu"":9216,""HardwareAddr"":""0c:29:ef:c4:cf:4f"",""description"":""P2P_Rack00/B2_To_Rack01/Tor1"",""WaveLength"":850,""MediaFecOption"":""none"",""Iaddr_ipv6"":""MANUAL"",""Iaddr_ipv4"":""100.71.7.10/30"",""LineSpd"":""10G"",""AutoNeg"":""off"",""LastClearedCoutner"":""48 weeks 5 days 19:24:42"",""LastStatusChange"":""7 weeks 6 days 23:33:35"",""Queuing"":""fifo"",""input_stat"":{""pkts"":1525554034,""bytes"":41460488,""multicasts"":3247929,""broadcasts"":8,""unicasts"":1522306097,""runts"":0,""giants"":0,""throttles"":0,""crc"":0,""overrun"":0,""discarded"":0},""output_stat"":{""pkts"":504348892,""bytes"":142526993,""multicasts"":4575750,""broadcasts"":1,""unicasts"":499773141,""throttles"":0,""discarded"":0,""collisions"":0,""wred_drops"":0},""rate_info"":{""inRateMbps"":0,""inPktsPerSec"":0,""inLineRatePct"":0,""outRateMbps"":0,""outPktsPerSec"":4,""outLineRatePct"":0}} ",19227,"127.0.1.1",interface,"00000000-0000-0000-0000-000000000002",,Syslog,"/subscriptions/3e961e1c-d0fb-49c3-99aa-44124d56dd2d/resourcegroups/lab-switches/providers/microsoft.hybridcompute/machines/s46r23b-rack01-tor-1","{""name"":""Ethernet 1/1/47:1"",""status"":""up"",""line_proto"":""up"",""mtu"":9216,""HardwareAddr"":""0c:29:ef:c4:cf:4f"",""description"":""P2P_Rack00/B2_To_Rack01/Tor1"",""WaveLength"":850,""MediaFecOption"":""none"",""Iaddr_ipv6"":""MANUAL"",""Iaddr_ipv4"":""100.71.7.10/30"",""LineSpd"":""10G"",""AutoNeg"":""off"",""LastClearedCoutner"":""48 weeks 5 days 19:24:42"",""LastStatusChange"":""7 weeks 6 days 23:33:35"",""Queuing"":""fifo"",""input_stat"":{""pkts"":1525554034,""bytes"":41460488,""multicasts"":3247929,""broadcasts"":8,""unicasts"":1522306097,""runts"":0,""giants"":0,""throttles"":0,""crc"":0,""overrun"":0,""discarded"":0},""output_stat"":{""pkts"":504348892,""bytes"":142526993,""multicasts"":4575750,""broadcasts"":1,""unicasts"":499773141,""throttles"":0,""discarded"":0,""collisions"":0,""wred_drops"":0},""rate_info"":{""inRateMbps"":0,""inPktsPerSec"":0,""inLineRatePct"":0,""outRateMbps"":0,""outPktsPerSec"":4,""outLineRatePct"":0}}"
"d2ad5bd0-78d5-456d-9eb7-45df89fdcb14",Linux,"5/13/2025, 5:08:21.710 PM","s46r23b-Rack01-TOR-1","5/13/2025, 5:08:21.000 PM",local0,"s46r23b-Rack01-TOR-1",info,"{""name"":""Ethernet 1/1/47:1"",""status"":""up"",""line_proto"":""up"",""mtu"":9216,""HardwareAddr"":""0c:29:ef:c4:cf:4f"",""description"":""P2P_Rack00/B2_To_Rack01/Tor1"",""WaveLength"":850,""MediaFecOption"":""none"",""Iaddr_ipv6"":""MANUAL"",""Iaddr_ipv4"":""100.71.7.10/30"",""LineSpd"":""10G"",""AutoNeg"":""off"",""LastClearedCoutner"":""48 weeks 5 days 19:25:56"",""LastStatusChange"":""7 weeks 6 days 23:34:49"",""Queuing"":""fifo"",""input_stat"":{""pkts"":1525554274,""bytes"":41460493,""multicasts"":3247936,""broadcasts"":8,""unicasts"":1522306330,""runts"":0,""giants"":0,""throttles"":0,""crc"":0,""overrun"":0,""discarded"":0},""output_stat"":{""pkts"":504349045,""bytes"":142527018,""multicasts"":4575759,""broadcasts"":1,""unicasts"":499773285,""throttles"":0,""discarded"":0,""collisions"":0,""wred_drops"":0},""rate_info"":{""inRateMbps"":0,""inPktsPerSec"":2,""inLineRatePct"":0,""outRateMbps"":0,""outPktsPerSec"":2,""outLineRatePct"":0}} ",20031,"127.0.1.1",interface,"00000000-0000-0000-0000-000000000002",,Syslog,"/subscriptions/3e961e1c-d0fb-49c3-99aa-44124d56dd2d/resourcegroups/lab-switches/providers/microsoft.hybridcompute/machines/s46r23b-rack01-tor-1","{""name"":""Ethernet 1/1/47:1"",""status"":""up"",""line_proto"":""up"",""mtu"":9216,""HardwareAddr"":""0c:29:ef:c4:cf:4f"",""description"":""P2P_Rack00/B2_To_Rack01/Tor1"",""WaveLength"":850,""MediaFecOption"":""none"",""Iaddr_ipv6"":""MANUAL"",""Iaddr_ipv4"":""100.71.7.10/30"",""LineSpd"":""10G"",""AutoNeg"":""off"",""LastClearedCoutner"":""48 weeks 5 days 19:25:56"",""LastStatusChange"":""7 weeks 6 days 23:34:49"",""Queuing"":""fifo"",""input_stat"":{""pkts"":1525554274,""bytes"":41460493,""multicasts"":3247936,""broadcasts"":8,""unicasts"":1522306330,""runts"":0,""giants"":0,""throttles"":0,""crc"":0,""overrun"":0,""discarded"":0},""output_stat"":{""pkts"":504349045,""bytes"":142527018,""multicasts"":4575759,""broadcasts"":1,""unicasts"":499773285,""throttles"":0,""discarded"":0,""collisions"":0,""wred_drops"":0},""rate_info"":{""inRateMbps"":0,""inPktsPerSec"":2,""inLineRatePct"":0,""outRateMbps"":0,""outPktsPerSec"":2,""outLineRatePct"":0}}"
"d2ad5bd0-78d5-456d-9eb7-45df89fdcb14",Linux,"5/13/2025, 5:09:35.215 PM","s46r23b-Rack01-TOR-1","5/13/2025, 5:09:35.000 PM",local0,"s46r23b-Rack01-TOR-1",info,"{""name"":""Ethernet 1/1/47:1"",""status"":""up"",""line_proto"":""up"",""mtu"":9216,""HardwareAddr"":""0c:29:ef:c4:cf:4f"",""description"":""P2P_Rack00/B2_To_Rack01/Tor1"",""WaveLength"":850,""MediaFecOption"":""none"",""Iaddr_ipv6"":""MANUAL"",""Iaddr_ipv4"":""100.71.7.10/30"",""LineSpd"":""10G"",""AutoNeg"":""off"",""LastClearedCoutner"":""48 weeks 5 days 19:27:10"",""LastStatusChange"":""7 weeks 6 days 23:36:03"",""Queuing"":""fifo"",""input_stat"":{""pkts"":1525554536,""bytes"":41460519,""multicasts"":3247947,""broadcasts"":8,""unicasts"":1522306581,""runts"":0,""giants"":0,""throttles"":0,""crc"":0,""overrun"":0,""discarded"":0},""output_stat"":{""pkts"":504349222,""bytes"":142527046,""multicasts"":4575773,""broadcasts"":1,""unicasts"":499773448,""throttles"":0,""discarded"":0,""collisions"":0,""wred_drops"":0},""rate_info"":{""inRateMbps"":0,""inPktsPerSec"":5,""inLineRatePct"":0,""outRateMbps"":0,""outPktsPerSec"":2,""outLineRatePct"":0}} ",21019,"127.0.1.1",interface,"00000000-0000-0000-0000-000000000002",,Syslog,"/subscriptions/3e961e1c-d0fb-49c3-99aa-44124d56dd2d/resourcegroups/lab-switches/providers/microsoft.hybridcompute/machines/s46r23b-rack01-tor-1","{""name"":""Ethernet 1/1/47:1"",""status"":""up"",""line_proto"":""up"",""mtu"":9216,""HardwareAddr"":""0c:29:ef:c4:cf:4f"",""description"":""P2P_Rack00/B2_To_Rack01/Tor1"",""WaveLength"":850,""MediaFecOption"":""none"",""Iaddr_ipv6"":""MANUAL"",""Iaddr_ipv4"":""100.71.7.10/30"",""LineSpd"":""10G"",""AutoNeg"":""off"",""LastClearedCoutner"":""48 weeks 5 days 19:27:10"",""LastStatusChange"":""7 weeks 6 days 23:36:03"",""Queuing"":""fifo"",""input_stat"":{""pkts"":1525554536,""bytes"":41460519,""multicasts"":3247947,""broadcasts"":8,""unicasts"":1522306581,""runts"":0,""giants"":0,""throttles"":0,""crc"":0,""overrun"":0,""discarded"":0},""output_stat"":{""pkts"":504349222,""bytes"":142527046,""multicasts"":4575773,""broadcasts"":1,""unicasts"":499773448,""throttles"":0,""discarded"":0,""collisions"":0,""wred_drops"":0},""rate_info"":{""inRateMbps"":0,""inPktsPerSec"":5,""inLineRatePct"":0,""outRateMbps"":0,""outPktsPerSec"":2,""outLineRatePct"":0}}"
"d2ad5bd0-78d5-456d-9eb7-45df89fdcb14",Linux,"5/13/2025, 5:10:48.964 PM","s46r23b-Rack01-TOR-1","5/13/2025, 5:10:48.000 PM",local0,"s46r23b-Rack01-TOR-1",info,"{""name"":""Ethernet 1/1/47:1"",""status"":""up"",""line_proto"":""up"",""mtu"":9216,""HardwareAddr"":""0c:29:ef:c4:cf:4f"",""description"":""P2P_Rack00/B2_To_Rack01/Tor1"",""WaveLength"":850,""MediaFecOption"":""none"",""Iaddr_ipv6"":""MANUAL"",""Iaddr_ipv4"":""100.71.7.10/30"",""LineSpd"":""10G"",""AutoNeg"":""off"",""LastClearedCoutner"":""48 weeks 5 days 19:28:23"",""LastStatusChange"":""7 weeks 6 days 23:37:17"",""Queuing"":""fifo"",""input_stat"":{""pkts"":1525554722,""bytes"":41460532,""multicasts"":3247954,""broadcasts"":8,""unicasts"":1522306760,""runts"":0,""giants"":0,""throttles"":0,""crc"":0,""overrun"":0,""discarded"":0},""output_stat"":{""pkts"":504349404,""bytes"":142527066,""multicasts"":4575782,""broadcasts"":1,""unicasts"":499773621,""throttles"":0,""discarded"":0,""collisions"":0,""wred_drops"":0},""rate_info"":{""inRateMbps"":0,""inPktsPerSec"":1,""inLineRatePct"":0,""outRateMbps"":0,""outPktsPerSec"":2,""outLineRatePct"":0}} ",21834,"127.0.1.1",interface,"00000000-0000-0000-0000-000000000002",,Syslog,"/subscriptions/3e961e1c-d0fb-49c3-99aa-44124d56dd2d/resourcegroups/lab-switches/providers/microsoft.hybridcompute/machines/s46r23b-rack01-tor-1","{""name"":""Ethernet 1/1/47:1"",""status"":""up"",""line_proto"":""up"",""mtu"":9216,""HardwareAddr"":""0c:29:ef:c4:cf:4f"",""description"":""P2P_Rack00/B2_To_Rack01/Tor1"",""WaveLength"":850,""MediaFecOption"":""none"",""Iaddr_ipv6"":""MANUAL"",""Iaddr_ipv4"":""100.71.7.10/30"",""LineSpd"":""10G"",""AutoNeg"":""off"",""LastClearedCoutner"":""48 weeks 5 days 19:28:23"",""LastStatusChange"":""7 weeks 6 days 23:37:17"",""Queuing"":""fifo"",""input_stat"":{""pkts"":1525554722,""bytes"":41460532,""multicasts"":3247954,""broadcasts"":8,""unicasts"":1522306760,""runts"":0,""giants"":0,""throttles"":0,""crc"":0,""overrun"":0,""discarded"":0},""output_stat"":{""pkts"":504349404,""bytes"":142527066,""multicasts"":4575782,""broadcasts"":1,""unicasts"":499773621,""throttles"":0,""discarded"":0,""collisions"":0,""wred_drops"":0},""rate_info"":{""inRateMbps"":0,""inPktsPerSec"":1,""inLineRatePct"":0,""outRateMbps"":0,""outPktsPerSec"":2,""outLineRatePct"":0}}"
"d2ad5bd0-78d5-456d-9eb7-45df89fdcb14",Linux,"5/13/2025, 5:12:02.714 PM","s46r23b-Rack01-TOR-1","5/13/2025, 5:12:02.000 PM",local0,"s46r23b-Rack01-TOR-1",info,"{""name"":""Ethernet 1/1/47:1"",""status"":""up"",""line_proto"":""up"",""mtu"":9216,""HardwareAddr"":""0c:29:ef:c4:cf:4f"",""description"":""P2P_Rack00/B2_To_Rack01/Tor1"",""WaveLength"":850,""MediaFecOption"":""none"",""Iaddr_ipv6"":""MANUAL"",""Iaddr_ipv4"":""100.71.7.10/30"",""LineSpd"":""10G"",""AutoNeg"":""off"",""LastClearedCoutner"":""48 weeks 5 days 19:29:37"",""LastStatusChange"":""7 weeks 6 days 23:38:31"",""Queuing"":""fifo"",""input_stat"":{""pkts"":1525554805,""bytes"":41460541,""multicasts"":3247962,""broadcasts"":8,""unicasts"":1522306835,""runts"":0,""giants"":0,""throttles"":0,""crc"":0,""overrun"":0,""discarded"":0},""output_stat"":{""pkts"":504349818,""bytes"":142527112,""multicasts"":4575795,""broadcasts"":1,""unicasts"":499774022,""throttles"":0,""discarded"":0,""collisions"":0,""wred_drops"":0},""rate_info"":{""inRateMbps"":0,""inPktsPerSec"":1,""inLineRatePct"":0,""outRateMbps"":0,""outPktsPerSec"":5,""outLineRatePct"":0}} ",22942,"127.0.1.1",interface,"00000000-0000-0000-0000-000000000002",,Syslog,"/subscriptions/3e961e1c-d0fb-49c3-99aa-44124d56dd2d/resourcegroups/lab-switches/providers/microsoft.hybridcompute/machines/s46r23b-rack01-tor-1","{""name"":""Ethernet 1/1/47:1"",""status"":""up"",""line_proto"":""up"",""mtu"":9216,""HardwareAddr"":""0c:29:ef:c4:cf:4f"",""description"":""P2P_Rack00/B2_To_Rack01/Tor1"",""WaveLength"":850,""MediaFecOption"":""none"",""Iaddr_ipv6"":""MANUAL"",""Iaddr_ipv4"":""100.71.7.10/30"",""LineSpd"":""10G"",""AutoNeg"":""off"",""LastClearedCoutner"":""48 weeks 5 days 19:29:37"",""LastStatusChange"":""7 weeks 6 days 23:38:31"",""Queuing"":""fifo"",""input_stat"":{""pkts"":1525554805,""bytes"":41460541,""multicasts"":3247962,""broadcasts"":8,""unicasts"":1522306835,""runts"":0,""giants"":0,""throttles"":0,""crc"":0,""overrun"":0,""discarded"":0},""output_stat"":{""pkts"":504349818,""bytes"":142527112,""multicasts"":4575795,""broadcasts"":1,""unicasts"":499774022,""throttles"":0,""discarded"":0,""collisions"":0,""wred_drops"":0},""rate_info"":{""inRateMbps"":0,""inPktsPerSec"":1,""inLineRatePct"":0,""outRateMbps"":0,""outPktsPerSec"":5,""outLineRatePct"":0}}"
"d2ad5bd0-78d5-456d-9eb7-45df89fdcb14",Linux,"5/13/2025, 5:13:16.464 PM","s46r23b-Rack01-TOR-1","5/13/2025, 5:13:16.000 PM",local0,"s46r23b-Rack01-TOR-1",info,"{""name"":""Ethernet 1/1/47:1"",""status"":""up"",""line_proto"":""up"",""mtu"":9216,""HardwareAddr"":""0c:29:ef:c4:cf:4f"",""description"":""P2P_Rack00/B2_To_Rack01/Tor1"",""WaveLength"":850,""MediaFecOption"":""none"",""Iaddr_ipv6"":""MANUAL"",""Iaddr_ipv4"":""100.71.7.10/30"",""LineSpd"":""10G"",""AutoNeg"":""off"",""LastClearedCoutner"":""48 weeks 5 days 19:30:51"",""LastStatusChange"":""7 weeks 6 days 23:39:44"",""Queuing"":""fifo"",""input_stat"":{""pkts"":1525554882,""bytes"":41460548,""multicasts"":3247968,""broadcasts"":8,""unicasts"":1522306906,""runts"":0,""giants"":0,""throttles"":0,""crc"":0,""overrun"":0,""discarded"":0},""output_stat"":{""pkts"":504350093,""bytes"":142527122,""multicasts"":4575803,""broadcasts"":1,""unicasts"":499774289,""throttles"":0,""discarded"":0,""collisions"":0,""wred_drops"":0},""rate_info"":{""inRateMbps"":0,""inPktsPerSec"":0,""inLineRatePct"":0,""outRateMbps"":0,""outPktsPerSec"":6,""outLineRatePct"":0}} ",23766,"127.0.1.1",interface,"00000000-0000-0000-0000-000000000002",,Syslog,"/subscriptions/3e961e1c-d0fb-49c3-99aa-44124d56dd2d/resourcegroups/lab-switches/providers/microsoft.hybridcompute/machines/s46r23b-rack01-tor-1","{""name"":""Ethernet 1/1/47:1"",""status"":""up"",""line_proto"":""up"",""mtu"":9216,""HardwareAddr"":""0c:29:ef:c4:cf:4f"",""description"":""P2P_Rack00/B2_To_Rack01/Tor1"",""WaveLength"":850,""MediaFecOption"":""none"",""Iaddr_ipv6"":""MANUAL"",""Iaddr_ipv4"":""100.71.7.10/30"",""LineSpd"":""10G"",""AutoNeg"":""off"",""LastClearedCoutner"":""48 weeks 5 days 19:30:51"",""LastStatusChange"":""7 weeks 6 days 23:39:44"",""Queuing"":""fifo"",""input_stat"":{""pkts"":1525554882,""bytes"":41460548,""multicasts"":3247968,""broadcasts"":8,""unicasts"":1522306906,""runts"":0,""giants"":0,""throttles"":0,""crc"":0,""overrun"":0,""discarded"":0},""output_stat"":{""pkts"":504350093,""bytes"":142527122,""multicasts"":4575803,""broadcasts"":1,""unicasts"":499774289,""throttles"":0,""discarded"":0,""collisions"":0,""wred_drops"":0},""rate_info"":{""inRateMbps"":0,""inPktsPerSec"":0,""inLineRatePct"":0,""outRateMbps"":0,""outPktsPerSec"":6,""outLineRatePct"":0}}"
"d2ad5bd0-78d5-456d-9eb7-45df89fdcb14",Linux,"5/13/2025, 5:14:30.503 PM","s46r23b-Rack01-TOR-1","5/13/2025, 5:14:30.000 PM",local0,"s46r23b-Rack01-TOR-1",info,"{""name"":""Ethernet 1/1/47:1"",""status"":""up"",""line_proto"":""up"",""mtu"":9216,""HardwareAddr"":""0c:29:ef:c4:cf:4f"",""description"":""P2P_Rack00/B2_To_Rack01/Tor1"",""WaveLength"":850,""MediaFecOption"":""none"",""Iaddr_ipv6"":""MANUAL"",""Iaddr_ipv4"":""100.71.7.10/30"",""LineSpd"":""10G"",""AutoNeg"":""off"",""LastClearedCoutner"":""48 weeks 5 days 19:32:05"",""LastStatusChange"":""7 weeks 6 days 23:40:58"",""Queuing"":""fifo"",""input_stat"":{""pkts"":1525555030,""bytes"":41460560,""multicasts"":3247977,""broadcasts"":8,""unicasts"":1522307045,""runts"":0,""giants"":0,""throttles"":0,""crc"":0,""overrun"":0,""discarded"":0},""output_stat"":{""pkts"":504350519,""bytes"":142527137,""multicasts"":4575817,""broadcasts"":1,""unicasts"":499774701,""throttles"":0,""discarded"":0,""collisions"":0,""wred_drops"":0},""rate_info"":{""inRateMbps"":0,""inPktsPerSec"":1,""inLineRatePct"":0,""outRateMbps"":0,""outPktsPerSec"":7,""outLineRatePct"":0}} ",24645,"127.0.1.1",interface,"00000000-0000-0000-0000-000000000002",,Syslog,"/subscriptions/3e961e1c-d0fb-49c3-99aa-44124d56dd2d/resourcegroups/lab-switches/providers/microsoft.hybridcompute/machines/s46r23b-rack01-tor-1","{""name"":""Ethernet 1/1/47:1"",""status"":""up"",""line_proto"":""up"",""mtu"":9216,""HardwareAddr"":""0c:29:ef:c4:cf:4f"",""description"":""P2P_Rack00/B2_To_Rack01/Tor1"",""WaveLength"":850,""MediaFecOption"":""none"",""Iaddr_ipv6"":""MANUAL"",""Iaddr_ipv4"":""100.71.7.10/30"",""LineSpd"":""10G"",""AutoNeg"":""off"",""LastClearedCoutner"":""48 weeks 5 days 19:32:05"",""LastStatusChange"":""7 weeks 6 days 23:40:58"",""Queuing"":""fifo"",""input_stat"":{""pkts"":1525555030,""bytes"":41460560,""multicasts"":3247977,""broadcasts"":8,""unicasts"":1522307045,""runts"":0,""giants"":0,""throttles"":0,""crc"":0,""overrun"":0,""discarded"":0},""output_stat"":{""pkts"":504350519,""bytes"":142527137,""multicasts"":4575817,""broadcasts"":1,""unicasts"":499774701,""throttles"":0,""discarded"":0,""collisions"":0,""wred_drops"":0},""rate_info"":{""inRateMbps"":0,""inPktsPerSec"":1,""inLineRatePct"":0,""outRateMbps"":0,""outPktsPerSec"":7,""outLineRatePct"":0}}"
"d2ad5bd0-78d5-456d-9eb7-45df89fdcb14",Linux,"5/13/2025, 5:15:44.216 PM","s46r23b-Rack01-TOR-1","5/13/2025, 5:15:44.000 PM",local0,"s46r23b-Rack01-TOR-1",info,"{""name"":""Ethernet 1/1/47:1"",""status"":""up"",""line_proto"":""up"",""mtu"":9216,""HardwareAddr"":""0c:29:ef:c4:cf:4f"",""description"":""P2P_Rack00/B2_To_Rack01/Tor1"",""WaveLength"":850,""MediaFecOption"":""none"",""Iaddr_ipv6"":""MANUAL"",""Iaddr_ipv4"":""100.71.7.10/30"",""LineSpd"":""10G"",""AutoNeg"":""off"",""LastClearedCoutner"":""48 weeks 5 days 19:33:19"",""LastStatusChange"":""7 weeks 6 days 23:42:12"",""Queuing"":""fifo"",""input_stat"":{""pkts"":1525555169,""bytes"":41460564,""multicasts"":3247985,""broadcasts"":8,""unicasts"":1522307176,""runts"":0,""giants"":0,""throttles"":0,""crc"":0,""overrun"":0,""discarded"":0},""output_stat"":{""pkts"":504350823,""bytes"":142527164,""multicasts"":4575827,""broadcasts"":1,""unicasts"":499774995,""throttles"":0,""discarded"":0,""collisions"":0,""wred_drops"":0},""rate_info"":{""inRateMbps"":0,""inPktsPerSec"":1,""inLineRatePct"":0,""outRateMbps"":0,""outPktsPerSec"":2,""outLineRatePct"":0}} ",25545,"127.0.1.1",interface,"00000000-0000-0000-0000-000000000002",,Syslog,"/subscriptions/3e961e1c-d0fb-49c3-99aa-44124d56dd2d/resourcegroups/lab-switches/providers/microsoft.hybridcompute/machines/s46r23b-rack01-tor-1","{""name"":""Ethernet 1/1/47:1"",""status"":""up"",""line_proto"":""up"",""mtu"":9216,""HardwareAddr"":""0c:29:ef:c4:cf:4f"",""description"":""P2P_Rack00/B2_To_Rack01/Tor1"",""WaveLength"":850,""MediaFecOption"":""none"",""Iaddr_ipv6"":""MANUAL"",""Iaddr_ipv4"":""100.71.7.10/30"",""LineSpd"":""10G"",""AutoNeg"":""off"",""LastClearedCoutner"":""48 weeks 5 days 19:33:19"",""LastStatusChange"":""7 weeks 6 days 23:42:12"",""Queuing"":""fifo"",""input_stat"":{""pkts"":1525555169,""bytes"":41460564,""multicasts"":3247985,""broadcasts"":8,""unicasts"":1522307176,""runts"":0,""giants"":0,""throttles"":0,""crc"":0,""overrun"":0,""discarded"":0},""output_stat"":{""pkts"":504350823,""bytes"":142527164,""multicasts"":4575827,""broadcasts"":1,""unicasts"":499774995,""throttles"":0,""discarded"":0,""collisions"":0,""wred_drops"":0},""rate_info"":{""inRateMbps"":0,""inPktsPerSec"":1,""inLineRatePct"":0,""outRateMbps"":0,""outPktsPerSec"":2,""outLineRatePct"":0}}"
"d2ad5bd0-78d5-456d-9eb7-45df89fdcb14",Linux,"5/13/2025, 5:16:57.963 PM","s46r23b-Rack01-TOR-1","5/13/2025, 5:16:57.000 PM",local0,"s46r23b-Rack01-TOR-1",info,"{""name"":""Ethernet 1/1/47:1"",""status"":""up"",""line_proto"":""up"",""mtu"":9216,""HardwareAddr"":""0c:29:ef:c4:cf:4f"",""description"":""P2P_Rack00/B2_To_Rack01/Tor1"",""WaveLength"":850,""MediaFecOption"":""none"",""Iaddr_ipv6"":""MANUAL"",""Iaddr_ipv4"":""100.71.7.10/30"",""LineSpd"":""10G"",""AutoNeg"":""off"",""LastClearedCoutner"":""48 weeks 5 days 19:34:32"",""LastStatusChange"":""7 weeks 6 days 23:43:26"",""Queuing"":""fifo"",""input_stat"":{""pkts"":1525555788,""bytes"":41460595,""multicasts"":3247993,""broadcasts"":8,""unicasts"":1522307787,""runts"":0,""giants"":0,""throttles"":0,""crc"":0,""overrun"":0,""discarded"":0},""output_stat"":{""pkts"":504382355,""bytes"":142557604,""multicasts"":4575840,""broadcasts"":1,""unicasts"":499806514,""throttles"":0,""discarded"":0,""collisions"":0,""wred_drops"":0},""rate_info"":{""inRateMbps"":0,""inPktsPerSec"":0,""inLineRatePct"":0,""outRateMbps"":0,""outPktsPerSec"":552,""outLineRatePct"":0}} ",26370,"127.0.1.1",interface,"00000000-0000-0000-0000-000000000002",,Syslog,"/subscriptions/3e961e1c-d0fb-49c3-99aa-44124d56dd2d/resourcegroups/lab-switches/providers/microsoft.hybridcompute/machines/s46r23b-rack01-tor-1","{""name"":""Ethernet 1/1/47:1"",""status"":""up"",""line_proto"":""up"",""mtu"":9216,""HardwareAddr"":""0c:29:ef:c4:cf:4f"",""description"":""P2P_Rack00/B2_To_Rack01/Tor1"",""WaveLength"":850,""MediaFecOption"":""none"",""Iaddr_ipv6"":""MANUAL"",""Iaddr_ipv4"":""100.71.7.10/30"",""LineSpd"":""10G"",""AutoNeg"":""off"",""LastClearedCoutner"":""48 weeks 5 days 19:34:32"",""LastStatusChange"":""7 weeks 6 days 23:43:26"",""Queuing"":""fifo"",""input_stat"":{""pkts"":1525555788,""bytes"":41460595,""multicasts"":3247993,""broadcasts"":8,""unicasts"":1522307787,""runts"":0,""giants"":0,""throttles"":0,""crc"":0,""overrun"":0,""discarded"":0},""output_stat"":{""pkts"":504382355,""bytes"":142557604,""multicasts"":4575840,""broadcasts"":1,""unicasts"":499806514,""throttles"":0,""discarded"":0,""collisions"":0,""wred_drops"":0},""rate_info"":{""inRateMbps"":0,""inPktsPerSec"":0,""inLineRatePct"":0,""outRateMbps"":0,""outPktsPerSec"":552,""outLineRatePct"":0}}"
"d2ad5bd0-78d5-456d-9eb7-45df89fdcb14",Linux,"5/13/2025, 5:18:11.964 PM","s46r23b-Rack01-TOR-1","5/13/2025, 5:18:11.000 PM",local0,"s46r23b-Rack01-TOR-1",info,"{""name"":""Ethernet 1/1/47:1"",""status"":""up"",""line_proto"":""up"",""mtu"":9216,""HardwareAddr"":""0c:29:ef:c4:cf:4f"",""description"":""P2P_Rack00/B2_To_Rack01/Tor1"",""WaveLength"":850,""MediaFecOption"":""none"",""Iaddr_ipv6"":""MANUAL"",""Iaddr_ipv4"":""100.71.7.10/30"",""LineSpd"":""10G"",""AutoNeg"":""off"",""LastClearedCoutner"":""48 weeks 5 days 19:35:46"",""LastStatusChange"":""7 weeks 6 days 23:44:40"",""Queuing"":""fifo"",""input_stat"":{""pkts"":1525555979,""bytes"":41460607,""multicasts"":3248000,""broadcasts"":8,""unicasts"":1522307971,""runts"":0,""giants"":0,""throttles"":0,""crc"":0,""overrun"":0,""discarded"":0},""output_stat"":{""pkts"":504391956,""bytes"":142566857,""multicasts"":4575850,""broadcasts"":1,""unicasts"":499816105,""throttles"":0,""discarded"":0,""collisions"":0,""wred_drops"":0},""rate_info"":{""inRateMbps"":0,""inPktsPerSec"":2,""inLineRatePct"":0,""outRateMbps"":0,""outPktsPerSec"":3,""outLineRatePct"":0}} ",27541,"127.0.1.1",interface,"00000000-0000-0000-0000-000000000002",,Syslog,"/subscriptions/3e961e1c-d0fb-49c3-99aa-44124d56dd2d/resourcegroups/lab-switches/providers/microsoft.hybridcompute/machines/s46r23b-rack01-tor-1","{""name"":""Ethernet 1/1/47:1"",""status"":""up"",""line_proto"":""up"",""mtu"":9216,""HardwareAddr"":""0c:29:ef:c4:cf:4f"",""description"":""P2P_Rack00/B2_To_Rack01/Tor1"",""WaveLength"":850,""MediaFecOption"":""none"",""Iaddr_ipv6"":""MANUAL"",""Iaddr_ipv4"":""100.71.7.10/30"",""LineSpd"":""10G"",""AutoNeg"":""off"",""LastClearedCoutner"":""48 weeks 5 days 19:35:46"",""LastStatusChange"":""7 weeks 6 days 23:44:40"",""Queuing"":""fifo"",""input_stat"":{""pkts"":1525555979,""bytes"":41460607,""multicasts"":3248000,""broadcasts"":8,""unicasts"":1522307971,""runts"":0,""giants"":0,""throttles"":0,""crc"":0,""overrun"":0,""discarded"":0},""output_stat"":{""pkts"":504391956,""bytes"":142566857,""multicasts"":4575850,""broadcasts"":1,""unicasts"":499816105,""throttles"":0,""discarded"":0,""collisions"":0,""wred_drops"":0},""rate_info"":{""inRateMbps"":0,""inPktsPerSec"":2,""inLineRatePct"":0,""outRateMbps"":0,""outPktsPerSec"":3,""outLineRatePct"":0}}"
"d2ad5bd0-78d5-456d-9eb7-45df89fdcb14",Linux,"5/13/2025, 5:19:25.715 PM","s46r23b-Rack01-TOR-1","5/13/2025, 5:19:25.000 PM",local0,"s46r23b-Rack01-TOR-1",info,"{""name"":""Ethernet 1/1/47:1"",""status"":""up"",""line_proto"":""up"",""mtu"":9216,""HardwareAddr"":""0c:29:ef:c4:cf:4f"",""description"":""P2P_Rack00/B2_To_Rack01/Tor1"",""WaveLength"":850,""MediaFecOption"":""none"",""Iaddr_ipv6"":""MANUAL"",""Iaddr_ipv4"":""100.71.7.10/30"",""LineSpd"":""10G"",""AutoNeg"":""off"",""LastClearedCoutner"":""48 weeks 5 days 19:37:00"",""LastStatusChange"":""7 weeks 6 days 23:45:54"",""Queuing"":""fifo"",""input_stat"":{""pkts"":1525556126,""bytes"":41460619,""multicasts"":3248010,""broadcasts"":8,""unicasts"":1522308108,""runts"":0,""giants"":0,""throttles"":0,""crc"":0,""overrun"":0,""discarded"":0},""output_stat"":{""pkts"":504392377,""bytes"":142566879,""multicasts"":4575864,""broadcasts"":1,""unicasts"":499816512,""throttles"":0,""discarded"":0,""collisions"":0,""wred_drops"":0},""rate_info"":{""inRateMbps"":0,""inPktsPerSec"":1,""inLineRatePct"":0,""outRateMbps"":0,""outPktsPerSec"":5,""outLineRatePct"":0}} ",28355,"127.0.1.1",interface,"00000000-0000-0000-0000-000000000002",,Syslog,"/subscriptions/3e961e1c-d0fb-49c3-99aa-44124d56dd2d/resourcegroups/lab-switches/providers/microsoft.hybridcompute/machines/s46r23b-rack01-tor-1","{""name"":""Ethernet 1/1/47:1"",""status"":""up"",""line_proto"":""up"",""mtu"":9216,""HardwareAddr"":""0c:29:ef:c4:cf:4f"",""description"":""P2P_Rack00/B2_To_Rack01/Tor1"",""WaveLength"":850,""MediaFecOption"":""none"",""Iaddr_ipv6"":""MANUAL"",""Iaddr_ipv4"":""100.71.7.10/30"",""LineSpd"":""10G"",""AutoNeg"":""off"",""LastClearedCoutner"":""48 weeks 5 days 19:37:00"",""LastStatusChange"":""7 weeks 6 days 23:45:54"",""Queuing"":""fifo"",""input_stat"":{""pkts"":1525556126,""bytes"":41460619,""multicasts"":3248010,""broadcasts"":8,""unicasts"":1522308108,""runts"":0,""giants"":0,""throttles"":0,""crc"":0,""overrun"":0,""discarded"":0},""output_stat"":{""pkts"":504392377,""bytes"":142566879,""multicasts"":4575864,""broadcasts"":1,""unicasts"":499816512,""throttles"":0,""discarded"":0,""collisions"":0,""wred_drops"":0},""rate_info"":{""inRateMbps"":0,""inPktsPerSec"":1,""inLineRatePct"":0,""outRateMbps"":0,""outPktsPerSec"":5,""outLineRatePct"":0}}"
"d2ad5bd0-78d5-456d-9eb7-45df89fdcb14",Linux,"5/13/2025, 5:20:39.712 PM","s46r23b-Rack01-TOR-1","5/13/2025, 5:20:39.000 PM",local0,"s46r23b-Rack01-TOR-1",info,"{""name"":""Ethernet 1/1/47:1"",""status"":""up"",""line_proto"":""up"",""mtu"":9216,""HardwareAddr"":""0c:29:ef:c4:cf:4f"",""description"":""P2P_Rack00/B2_To_Rack01/Tor1"",""WaveLength"":850,""MediaFecOption"":""none"",""Iaddr_ipv6"":""MANUAL"",""Iaddr_ipv4"":""100.71.7.10/30"",""LineSpd"":""10G"",""AutoNeg"":""off"",""LastClearedCoutner"":""48 weeks 5 days 19:38:14"",""LastStatusChange"":""7 weeks 6 days 23:47:07"",""Queuing"":""fifo"",""input_stat"":{""pkts"":1525556283,""bytes"":41460629,""multicasts"":3248017,""broadcasts"":8,""unicasts"":1522308258,""runts"":0,""giants"":0,""throttles"":0,""crc"":0,""overrun"":0,""discarded"":0},""output_stat"":{""pkts"":504392612,""bytes"":142566900,""multicasts"":4575873,""broadcasts"":1,""unicasts"":499816738,""throttles"":0,""discarded"":0,""collisions"":0,""wred_drops"":0},""rate_info"":{""inRateMbps"":0,""inPktsPerSec"":1,""inLineRatePct"":0,""outRateMbps"":0,""outPktsPerSec"":5,""outLineRatePct"":0}} ",29362,"127.0.1.1",interface,"00000000-0000-0000-0000-000000000002",,Syslog,"/subscriptions/3e961e1c-d0fb-49c3-99aa-44124d56dd2d/resourcegroups/lab-switches/providers/microsoft.hybridcompute/machines/s46r23b-rack01-tor-1","{""name"":""Ethernet 1/1/47:1"",""status"":""up"",""line_proto"":""up"",""mtu"":9216,""HardwareAddr"":""0c:29:ef:c4:cf:4f"",""description"":""P2P_Rack00/B2_To_Rack01/Tor1"",""WaveLength"":850,""MediaFecOption"":""none"",""Iaddr_ipv6"":""MANUAL"",""Iaddr_ipv4"":""100.71.7.10/30"",""LineSpd"":""10G"",""AutoNeg"":""off"",""LastClearedCoutner"":""48 weeks 5 days 19:38:14"",""LastStatusChange"":""7 weeks 6 days 23:47:07"",""Queuing"":""fifo"",""input_stat"":{""pkts"":1525556283,""bytes"":41460629,""multicasts"":3248017,""broadcasts"":8,""unicasts"":1522308258,""runts"":0,""giants"":0,""throttles"":0,""crc"":0,""overrun"":0,""discarded"":0},""output_stat"":{""pkts"":504392612,""bytes"":142566900,""multicasts"":4575873,""broadcasts"":1,""unicasts"":499816738,""throttles"":0,""discarded"":0,""collisions"":0,""wred_drops"":0},""rate_info"":{""inRateMbps"":0,""inPktsPerSec"":1,""inLineRatePct"":0,""outRateMbps"":0,""outPktsPerSec"":5,""outLineRatePct"":0}}"
"d2ad5bd0-78d5-456d-9eb7-45df89fdcb14",Linux,"5/13/2025, 5:21:53.464 PM","s46r23b-Rack01-TOR-1","5/13/2025, 5:21:53.000 PM",local0,"s46r23b-Rack01-TOR-1",info,"{""name"":""Ethernet 1/1/47:1"",""status"":""up"",""line_proto"":""up"",""mtu"":9216,""HardwareAddr"":""0c:29:ef:c4:cf:4f"",""description"":""P2P_Rack00/B2_To_Rack01/Tor1"",""WaveLength"":850,""MediaFecOption"":""none"",""Iaddr_ipv6"":""MANUAL"",""Iaddr_ipv4"":""100.71.7.10/30"",""LineSpd"":""10G"",""AutoNeg"":""off"",""LastClearedCoutner"":""48 weeks 5 days 19:39:28"",""LastStatusChange"":""7 weeks 6 days 23:48:21"",""Queuing"":""fifo"",""input_stat"":{""pkts"":1525556391,""bytes"":41460634,""multicasts"":3248024,""broadcasts"":8,""unicasts"":1522308359,""runts"":0,""giants"":0,""throttles"":0,""crc"":0,""overrun"":0,""discarded"":0},""output_stat"":{""pkts"":504392823,""bytes"":142566910,""multicasts"":4575883,""broadcasts"":1,""unicasts"":499816939,""throttles"":0,""discarded"":0,""collisions"":0,""wred_drops"":0},""rate_info"":{""inRateMbps"":0,""inPktsPerSec"":1,""inLineRatePct"":0,""outRateMbps"":0,""outPktsPerSec"":2,""outLineRatePct"":0}} ",30206,"127.0.1.1",interface,"00000000-0000-0000-0000-000000000002",,Syslog,"/subscriptions/3e961e1c-d0fb-49c3-99aa-44124d56dd2d/resourcegroups/lab-switches/providers/microsoft.hybridcompute/machines/s46r23b-rack01-tor-1","{""name"":""Ethernet 1/1/47:1"",""status"":""up"",""line_proto"":""up"",""mtu"":9216,""HardwareAddr"":""0c:29:ef:c4:cf:4f"",""description"":""P2P_Rack00/B2_To_Rack01/Tor1"",""WaveLength"":850,""MediaFecOption"":""none"",""Iaddr_ipv6"":""MANUAL"",""Iaddr_ipv4"":""100.71.7.10/30"",""LineSpd"":""10G"",""AutoNeg"":""off"",""LastClearedCoutner"":""48 weeks 5 days 19:39:28"",""LastStatusChange"":""7 weeks 6 days 23:48:21"",""Queuing"":""fifo"",""input_stat"":{""pkts"":1525556391,""bytes"":41460634,""multicasts"":3248024,""broadcasts"":8,""unicasts"":1522308359,""runts"":0,""giants"":0,""throttles"":0,""crc"":0,""overrun"":0,""discarded"":0},""output_stat"":{""pkts"":504392823,""bytes"":142566910,""multicasts"":4575883,""broadcasts"":1,""unicasts"":499816939,""throttles"":0,""discarded"":0,""collisions"":0,""wred_drops"":0},""rate_info"":{""inRateMbps"":0,""inPktsPerSec"":1,""inLineRatePct"":0,""outRateMbps"":0,""outPktsPerSec"":2,""outLineRatePct"":0}}"
"d2ad5bd0-78d5-456d-9eb7-45df89fdcb14",Linux,"5/13/2025, 5:23:07.214 PM","s46r23b-Rack01-TOR-1","5/13/2025, 5:23:07.000 PM",local0,"s46r23b-Rack01-TOR-1",info,"{""name"":""Ethernet 1/1/47:1"",""status"":""up"",""line_proto"":""up"",""mtu"":9216,""HardwareAddr"":""0c:29:ef:c4:cf:4f"",""description"":""P2P_Rack00/B2_To_Rack01/Tor1"",""WaveLength"":850,""MediaFecOption"":""none"",""Iaddr_ipv6"":""MANUAL"",""Iaddr_ipv4"":""100.71.7.10/30"",""LineSpd"":""10G"",""AutoNeg"":""off"",""LastClearedCoutner"":""48 weeks 5 days 19:40:42"",""LastStatusChange"":""7 weeks 6 days 23:49:35"",""Queuing"":""fifo"",""input_stat"":{""pkts"":1525556518,""bytes"":41460645,""multicasts"":3248033,""broadcasts"":8,""unicasts"":1522308477,""runts"":0,""giants"":0,""throttles"":0,""crc"":0,""overrun"":0,""discarded"":0},""output_stat"":{""pkts"":504393178,""bytes"":142566932,""multicasts"":4575897,""broadcasts"":1,""unicasts"":499817280,""throttles"":0,""discarded"":0,""collisions"":0,""wred_drops"":0},""rate_info"":{""inRateMbps"":0,""inPktsPerSec"":2,""inLineRatePct"":0,""outRateMbps"":0,""outPktsPerSec"":0,""outLineRatePct"":0}} ",31425,"127.0.1.1",interface,"00000000-0000-0000-0000-000000000002",,Syslog,"/subscriptions/3e961e1c-d0fb-49c3-99aa-44124d56dd2d/resourcegroups/lab-switches/providers/microsoft.hybridcompute/machines/s46r23b-rack01-tor-1","{""name"":""Ethernet 1/1/47:1"",""status"":""up"",""line_proto"":""up"",""mtu"":9216,""HardwareAddr"":""0c:29:ef:c4:cf:4f"",""description"":""P2P_Rack00/B2_To_Rack01/Tor1"",""WaveLength"":850,""MediaFecOption"":""none"",""Iaddr_ipv6"":""MANUAL"",""Iaddr_ipv4"":""100.71.7.10/30"",""LineSpd"":""10G"",""AutoNeg"":""off"",""LastClearedCoutner"":""48 weeks 5 days 19:40:42"",""LastStatusChange"":""7 weeks 6 days 23:49:35"",""Queuing"":""fifo"",""input_stat"":{""pkts"":1525556518,""bytes"":41460645,""multicasts"":3248033,""broadcasts"":8,""unicasts"":1522308477,""runts"":0,""giants"":0,""throttles"":0,""crc"":0,""overrun"":0,""discarded"":0},""output_stat"":{""pkts"":504393178,""bytes"":142566932,""multicasts"":4575897,""broadcasts"":1,""unicasts"":499817280,""throttles"":0,""discarded"":0,""collisions"":0,""wred_drops"":0},""rate_info"":{""inRateMbps"":0,""inPktsPerSec"":2,""inLineRatePct"":0,""outRateMbps"":0,""outPktsPerSec"":0,""outLineRatePct"":0}}"
"d2ad5bd0-78d5-456d-9eb7-45df89fdcb14",Linux,"5/13/2025, 5:24:20.965 PM","s46r23b-Rack01-TOR-1","5/13/2025, 5:24:20.000 PM",local0,"s46r23b-Rack01-TOR-1",info,"{""name"":""Ethernet 1/1/47:1"",""status"":""up"",""line_proto"":""up"",""mtu"":9216,""HardwareAddr"":""0c:29:ef:c4:cf:4f"",""description"":""P2P_Rack00/B2_To_Rack01/Tor1"",""WaveLength"":850,""MediaFecOption"":""none"",""Iaddr_ipv6"":""MANUAL"",""Iaddr_ipv4"":""100.71.7.10/30"",""LineSpd"":""10G"",""AutoNeg"":""off"",""LastClearedCoutner"":""48 weeks 5 days 19:41:55"",""LastStatusChange"":""7 weeks 6 days 23:50:49"",""Queuing"":""fifo"",""input_stat"":{""pkts"":1525556743,""bytes"":41460658,""multicasts"":3248039,""broadcasts"":8,""unicasts"":1522308696,""runts"":0,""giants"":0,""throttles"":0,""crc"":0,""overrun"":0,""discarded"":0},""output_stat"":{""pkts"":504393558,""bytes"":142566952,""multicasts"":4575905,""broadcasts"":1,""unicasts"":499817652,""throttles"":0,""discarded"":0,""collisions"":0,""wred_drops"":0},""rate_info"":{""inRateMbps"":0,""inPktsPerSec"":3,""inLineRatePct"":0,""outRateMbps"":0,""outPktsPerSec"":3,""outLineRatePct"":0}} ",32259,"127.0.1.1",interface,"00000000-0000-0000-0000-000000000002",,Syslog,"/subscriptions/3e961e1c-d0fb-49c3-99aa-44124d56dd2d/resourcegroups/lab-switches/providers/microsoft.hybridcompute/machines/s46r23b-rack01-tor-1","{""name"":""Ethernet 1/1/47:1"",""status"":""up"",""line_proto"":""up"",""mtu"":9216,""HardwareAddr"":""0c:29:ef:c4:cf:4f"",""description"":""P2P_Rack00/B2_To_Rack01/Tor1"",""WaveLength"":850,""MediaFecOption"":""none"",""Iaddr_ipv6"":""MANUAL"",""Iaddr_ipv4"":""100.71.7.10/30"",""LineSpd"":""10G"",""AutoNeg"":""off"",""LastClearedCoutner"":""48 weeks 5 days 19:41:55"",""LastStatusChange"":""7 weeks 6 days 23:50:49"",""Queuing"":""fifo"",""input_stat"":{""pkts"":1525556743,""bytes"":41460658,""multicasts"":3248039,""broadcasts"":8,""unicasts"":1522308696,""runts"":0,""giants"":0,""throttles"":0,""crc"":0,""overrun"":0,""discarded"":0},""output_stat"":{""pkts"":504393558,""bytes"":142566952,""multicasts"":4575905,""broadcasts"":1,""unicasts"":499817652,""throttles"":0,""discarded"":0,""collisions"":0,""wred_drops"":0},""rate_info"":{""inRateMbps"":0,""inPktsPerSec"":3,""inLineRatePct"":0,""outRateMbps"":0,""outPktsPerSec"":3,""outLineRatePct"":0}}"
"d2ad5bd0-78d5-456d-9eb7-45df89fdcb14",Linux,"5/13/2025, 5:25:34.718 PM","s46r23b-Rack01-TOR-1","5/13/2025, 5:25:34.000 PM",local0,"s46r23b-Rack01-TOR-1",info,"{""name"":""Ethernet 1/1/47:1"",""status"":""up"",""line_proto"":""up"",""mtu"":9216,""HardwareAddr"":""0c:29:ef:c4:cf:4f"",""description"":""P2P_Rack00/B2_To_Rack01/Tor1"",""WaveLength"":850,""MediaFecOption"":""none"",""Iaddr_ipv6"":""MANUAL"",""Iaddr_ipv4"":""100.71.7.10/30"",""LineSpd"":""10G"",""AutoNeg"":""off"",""LastClearedCoutner"":""48 weeks 5 days 19:43:09"",""LastStatusChange"":""7 weeks 6 days 23:52:03"",""Queuing"":""fifo"",""input_stat"":{""pkts"":1525556941,""bytes"":41460669,""multicasts"":3248049,""broadcasts"":8,""unicasts"":1522308884,""runts"":0,""giants"":0,""throttles"":0,""crc"":0,""overrun"":0,""discarded"":0},""output_stat"":{""pkts"":504393696,""bytes"":142566977,""multicasts"":4575919,""broadcasts"":1,""unicasts"":499817776,""throttles"":0,""discarded"":0,""collisions"":0,""wred_drops"":0},""rate_info"":{""inRateMbps"":0,""inPktsPerSec"":2,""inLineRatePct"":0,""outRateMbps"":0,""outPktsPerSec"":1,""outLineRatePct"":0}} ",970,"127.0.1.1",interface,"00000000-0000-0000-0000-000000000002",,Syslog,"/subscriptions/3e961e1c-d0fb-49c3-99aa-44124d56dd2d/resourcegroups/lab-switches/providers/microsoft.hybridcompute/machines/s46r23b-rack01-tor-1","{""name"":""Ethernet 1/1/47:1"",""status"":""up"",""line_proto"":""up"",""mtu"":9216,""HardwareAddr"":""0c:29:ef:c4:cf:4f"",""description"":""P2P_Rack00/B2_To_Rack01/Tor1"",""WaveLength"":850,""MediaFecOption"":""none"",""Iaddr_ipv6"":""MANUAL"",""Iaddr_ipv4"":""100.71.7.10/30"",""LineSpd"":""10G"",""AutoNeg"":""off"",""LastClearedCoutner"":""48 weeks 5 days 19:43:09"",""LastStatusChange"":""7 weeks 6 days 23:52:03"",""Queuing"":""fifo"",""input_stat"":{""pkts"":1525556941,""bytes"":41460669,""multicasts"":3248049,""broadcasts"":8,""unicasts"":1522308884,""runts"":0,""giants"":0,""throttles"":0,""crc"":0,""overrun"":0,""discarded"":0},""output_stat"":{""pkts"":504393696,""bytes"":142566977,""multicasts"":4575919,""broadcasts"":1,""unicasts"":499817776,""throttles"":0,""discarded"":0,""collisions"":0,""wred_drops"":0},""rate_info"":{""inRateMbps"":0,""inPktsPerSec"":2,""inLineRatePct"":0,""outRateMbps"":0,""outPktsPerSec"":1,""outLineRatePct"":0}}"
"d2ad5bd0-78d5-456d-9eb7-45df89fdcb14",Linux,"5/13/2025, 5:26:48.716 PM","s46r23b-Rack01-TOR-1","5/13/2025, 5:26:48.000 PM",local0,"s46r23b-Rack01-TOR-1",info,"{""name"":""Ethernet 1/1/47:1"",""status"":""up"",""line_proto"":""up"",""mtu"":9216,""HardwareAddr"":""0c:29:ef:c4:cf:4f"",""description"":""P2P_Rack00/B2_To_Rack01/Tor1"",""WaveLength"":850,""MediaFecOption"":""none"",""Iaddr_ipv6"":""MANUAL"",""Iaddr_ipv4"":""100.71.7.10/30"",""LineSpd"":""10G"",""AutoNeg"":""off"",""LastClearedCoutner"":""48 weeks 5 days 19:44:23"",""LastStatusChange"":""7 weeks 6 days 23:53:17"",""Queuing"":""fifo"",""input_stat"":{""pkts"":1525557154,""bytes"":41460669,""multicasts"":3248055,""broadcasts"":8,""unicasts"":1522309091,""runts"":0,""giants"":0,""throttles"":0,""crc"":0,""overrun"":0,""discarded"":0},""output_stat"":{""pkts"":504393888,""bytes"":142566995,""multicasts"":4575928,""broadcasts"":1,""unicasts"":499817959,""throttles"":0,""discarded"":0,""collisions"":0,""wred_drops"":0},""rate_info"":{""inRateMbps"":0,""inPktsPerSec"":2,""inLineRatePct"":0,""outRateMbps"":0,""outPktsPerSec"":2,""outLineRatePct"":0}} ",2726,"127.0.1.1",interface,"00000000-0000-0000-0000-000000000002",,Syslog,"/subscriptions/3e961e1c-d0fb-49c3-99aa-44124d56dd2d/resourcegroups/lab-switches/providers/microsoft.hybridcompute/machines/s46r23b-rack01-tor-1","{""name"":""Ethernet 1/1/47:1"",""status"":""up"",""line_proto"":""up"",""mtu"":9216,""HardwareAddr"":""0c:29:ef:c4:cf:4f"",""description"":""P2P_Rack00/B2_To_Rack01/Tor1"",""WaveLength"":850,""MediaFecOption"":""none"",""Iaddr_ipv6"":""MANUAL"",""Iaddr_ipv4"":""100.71.7.10/30"",""LineSpd"":""10G"",""AutoNeg"":""off"",""LastClearedCoutner"":""48 weeks 5 days 19:44:23"",""LastStatusChange"":""7 weeks 6 days 23:53:17"",""Queuing"":""fifo"",""input_stat"":{""pkts"":1525557154,""bytes"":41460669,""multicasts"":3248055,""broadcasts"":8,""unicasts"":1522309091,""runts"":0,""giants"":0,""throttles"":0,""crc"":0,""overrun"":0,""discarded"":0},""output_stat"":{""pkts"":504393888,""bytes"":142566995,""multicasts"":4575928,""broadcasts"":1,""unicasts"":499817959,""throttles"":0,""discarded"":0,""collisions"":0,""wred_drops"":0},""rate_info"":{""inRateMbps"":0,""inPktsPerSec"":2,""inLineRatePct"":0,""outRateMbps"":0,""outPktsPerSec"":2,""outLineRatePct"":0}}"
"d2ad5bd0-78d5-456d-9eb7-45df89fdcb14",Linux,"5/13/2025, 5:28:02.466 PM","s46r23b-Rack01-TOR-1","5/13/2025, 5:28:02.000 PM",local0,"s46r23b-Rack01-TOR-1",info,"{""name"":""Ethernet 1/1/47:1"",""status"":""up"",""line_proto"":""up"",""mtu"":9216,""HardwareAddr"":""0c:29:ef:c4:cf:4f"",""description"":""P2P_Rack00/B2_To_Rack01/Tor1"",""WaveLength"":850,""MediaFecOption"":""none"",""Iaddr_ipv6"":""MANUAL"",""Iaddr_ipv4"":""100.71.7.10/30"",""LineSpd"":""10G"",""AutoNeg"":""off"",""LastClearedCoutner"":""48 weeks 5 days 19:45:37"",""LastStatusChange"":""7 weeks 6 days 23:54:30"",""Queuing"":""fifo"",""input_stat"":{""pkts"":1525557313,""bytes"":41460674,""multicasts"":3248065,""broadcasts"":8,""unicasts"":1522309240,""runts"":0,""giants"":0,""throttles"":0,""crc"":0,""overrun"":0,""discarded"":0},""output_stat"":{""pkts"":504394157,""bytes"":142567024,""multicasts"":4575943,""broadcasts"":1,""unicasts"":499818213,""throttles"":0,""discarded"":0,""collisions"":0,""wred_drops"":0},""rate_info"":{""inRateMbps"":0,""inPktsPerSec"":2,""inLineRatePct"":0,""outRateMbps"":0,""outPktsPerSec"":2,""outLineRatePct"":0}} ",3932,"127.0.1.1",interface,"00000000-0000-0000-0000-000000000002",,Syslog,"/subscriptions/3e961e1c-d0fb-49c3-99aa-44124d56dd2d/resourcegroups/lab-switches/providers/microsoft.hybridcompute/machines/s46r23b-rack01-tor-1","{""name"":""Ethernet 1/1/47:1"",""status"":""up"",""line_proto"":""up"",""mtu"":9216,""HardwareAddr"":""0c:29:ef:c4:cf:4f"",""description"":""P2P_Rack00/B2_To_Rack01/Tor1"",""WaveLength"":850,""MediaFecOption"":""none"",""Iaddr_ipv6"":""MANUAL"",""Iaddr_ipv4"":""100.71.7.10/30"",""LineSpd"":""10G"",""AutoNeg"":""off"",""LastClearedCoutner"":""48 weeks 5 days 19:45:37"",""LastStatusChange"":""7 weeks 6 days 23:54:30"",""Queuing"":""fifo"",""input_stat"":{""pkts"":1525557313,""bytes"":41460674,""multicasts"":3248065,""broadcasts"":8,""unicasts"":1522309240,""runts"":0,""giants"":0,""throttles"":0,""crc"":0,""overrun"":0,""discarded"":0},""output_stat"":{""pkts"":504394157,""bytes"":142567024,""multicasts"":4575943,""broadcasts"":1,""unicasts"":499818213,""throttles"":0,""discarded"":0,""collisions"":0,""wred_drops"":0},""rate_info"":{""inRateMbps"":0,""inPktsPerSec"":2,""inLineRatePct"":0,""outRateMbps"":0,""outPktsPerSec"":2,""outLineRatePct"":0}}"
"d2ad5bd0-78d5-456d-9eb7-45df89fdcb14",Linux,"5/13/2025, 5:29:16.464 PM","s46r23b-Rack01-TOR-1","5/13/2025, 5:29:16.000 PM",local0,"s46r23b-Rack01-TOR-1",info,"{""name"":""Ethernet 1/1/47:1"",""status"":""up"",""line_proto"":""up"",""mtu"":9216,""HardwareAddr"":""0c:29:ef:c4:cf:4f"",""description"":""P2P_Rack00/B2_To_Rack01/Tor1"",""WaveLength"":850,""MediaFecOption"":""none"",""Iaddr_ipv6"":""MANUAL"",""Iaddr_ipv4"":""100.71.7.10/30"",""LineSpd"":""10G"",""AutoNeg"":""off"",""LastClearedCoutner"":""48 weeks 5 days 19:46:51"",""LastStatusChange"":""7 weeks 6 days 23:55:44"",""Queuing"":""fifo"",""input_stat"":{""pkts"":1525557521,""bytes"":41460683,""multicasts"":3248072,""broadcasts"":8,""unicasts"":1522309441,""runts"":0,""giants"":0,""throttles"":0,""crc"":0,""overrun"":0,""discarded"":0},""output_stat"":{""pkts"":504394339,""bytes"":142567035,""multicasts"":4575952,""broadcasts"":1,""unicasts"":499818386,""throttles"":0,""discarded"":0,""collisions"":0,""wred_drops"":0},""rate_info"":{""inRateMbps"":0,""inPktsPerSec"":3,""inLineRatePct"":0,""outRateMbps"":0,""outPktsPerSec"":4,""outLineRatePct"":0}} ",4891,"127.0.1.1",interface,"00000000-0000-0000-0000-000000000002",,Syslog,"/subscriptions/3e961e1c-d0fb-49c3-99aa-44124d56dd2d/resourcegroups/lab-switches/providers/microsoft.hybridcompute/machines/s46r23b-rack01-tor-1","{""name"":""Ethernet 1/1/47:1"",""status"":""up"",""line_proto"":""up"",""mtu"":9216,""HardwareAddr"":""0c:29:ef:c4:cf:4f"",""description"":""P2P_Rack00/B2_To_Rack01/Tor1"",""WaveLength"":850,""MediaFecOption"":""none"",""Iaddr_ipv6"":""MANUAL"",""Iaddr_ipv4"":""100.71.7.10/30"",""LineSpd"":""10G"",""AutoNeg"":""off"",""LastClearedCoutner"":""48 weeks 5 days 19:46:51"",""LastStatusChange"":""7 weeks 6 days 23:55:44"",""Queuing"":""fifo"",""input_stat"":{""pkts"":1525557521,""bytes"":41460683,""multicasts"":3248072,""broadcasts"":8,""unicasts"":1522309441,""runts"":0,""giants"":0,""throttles"":0,""crc"":0,""overrun"":0,""discarded"":0},""output_stat"":{""pkts"":504394339,""bytes"":142567035,""multicasts"":4575952,""broadcasts"":1,""unicasts"":499818386,""throttles"":0,""discarded"":0,""collisions"":0,""wred_drops"":0},""rate_info"":{""inRateMbps"":0,""inPktsPerSec"":3,""inLineRatePct"":0,""outRateMbps"":0,""outPktsPerSec"":4,""outLineRatePct"":0}}"
"d2ad5bd0-78d5-456d-9eb7-45df89fdcb14",Linux,"5/13/2025, 5:30:29.964 PM","s46r23b-Rack01-TOR-1","5/13/2025, 5:30:29.000 PM",local0,"s46r23b-Rack01-TOR-1",info,"{""name"":""Ethernet 1/1/47:1"",""status"":""up"",""line_proto"":""up"",""mtu"":9216,""HardwareAddr"":""0c:29:ef:c4:cf:4f"",""description"":""P2P_Rack00/B2_To_Rack01/Tor1"",""WaveLength"":850,""MediaFecOption"":""none"",""Iaddr_ipv6"":""MANUAL"",""Iaddr_ipv4"":""100.71.7.10/30"",""LineSpd"":""10G"",""AutoNeg"":""off"",""LastClearedCoutner"":""48 weeks 5 days 19:48:04"",""LastStatusChange"":""7 weeks 6 days 23:56:58"",""Queuing"":""fifo"",""input_stat"":{""pkts"":1525557702,""bytes"":41460691,""multicasts"":3248083,""broadcasts"":8,""unicasts"":1522309611,""runts"":0,""giants"":0,""throttles"":0,""crc"":0,""overrun"":0,""discarded"":0},""output_stat"":{""pkts"":504394586,""bytes"":142567067,""multicasts"":4575966,""broadcasts"":1,""unicasts"":499818619,""throttles"":0,""discarded"":0,""collisions"":0,""wred_drops"":0},""rate_info"":{""inRateMbps"":0,""inPktsPerSec"":4,""inLineRatePct"":0,""outRateMbps"":0,""outPktsPerSec"":4,""outLineRatePct"":0}} ",5780,"127.0.1.1",interface,"00000000-0000-0000-0000-000000000002",,Syslog,"/subscriptions/3e961e1c-d0fb-49c3-99aa-44124d56dd2d/resourcegroups/lab-switches/providers/microsoft.hybridcompute/machines/s46r23b-rack01-tor-1","{""name"":""Ethernet 1/1/47:1"",""status"":""up"",""line_proto"":""up"",""mtu"":9216,""HardwareAddr"":""0c:29:ef:c4:cf:4f"",""description"":""P2P_Rack00/B2_To_Rack01/Tor1"",""WaveLength"":850,""MediaFecOption"":""none"",""Iaddr_ipv6"":""MANUAL"",""Iaddr_ipv4"":""100.71.7.10/30"",""LineSpd"":""10G"",""AutoNeg"":""off"",""LastClearedCoutner"":""48 weeks 5 days 19:48:04"",""LastStatusChange"":""7 weeks 6 days 23:56:58"",""Queuing"":""fifo"",""input_stat"":{""pkts"":1525557702,""bytes"":41460691,""multicasts"":3248083,""broadcasts"":8,""unicasts"":1522309611,""runts"":0,""giants"":0,""throttles"":0,""crc"":0,""overrun"":0,""discarded"":0},""output_stat"":{""pkts"":504394586,""bytes"":142567067,""multicasts"":4575966,""broadcasts"":1,""unicasts"":499818619,""throttles"":0,""discarded"":0,""collisions"":0,""wred_drops"":0},""rate_info"":{""inRateMbps"":0,""inPktsPerSec"":4,""inLineRatePct"":0,""outRateMbps"":0,""outPktsPerSec"":4,""outLineRatePct"":0}}"
"d2ad5bd0-78d5-456d-9eb7-45df89fdcb14",Linux,"5/13/2025, 5:31:43.966 PM","s46r23b-Rack01-TOR-1","5/13/2025, 5:31:43.000 PM",local0,"s46r23b-Rack01-TOR-1",info,"{""name"":""Ethernet 1/1/47:1"",""status"":""up"",""line_proto"":""up"",""mtu"":9216,""HardwareAddr"":""0c:29:ef:c4:cf:4f"",""description"":""P2P_Rack00/B2_To_Rack01/Tor1"",""WaveLength"":850,""MediaFecOption"":""none"",""Iaddr_ipv6"":""MANUAL"",""Iaddr_ipv4"":""100.71.7.10/30"",""LineSpd"":""10G"",""AutoNeg"":""off"",""LastClearedCoutner"":""48 weeks 5 days 19:49:18"",""LastStatusChange"":""7 weeks 6 days 23:58:12"",""Queuing"":""fifo"",""input_stat"":{""pkts"":1525557880,""bytes"":41460703,""multicasts"":3248090,""broadcasts"":8,""unicasts"":1522309782,""runts"":0,""giants"":0,""throttles"":0,""crc"":0,""overrun"":0,""discarded"":0},""output_stat"":{""pkts"":504394860,""bytes"":142567102,""multicasts"":4575976,""broadcasts"":1,""unicasts"":499818883,""throttles"":0,""discarded"":0,""collisions"":0,""wred_drops"":0},""rate_info"":{""inRateMbps"":0,""inPktsPerSec"":3,""inLineRatePct"":0,""outRateMbps"":0,""outPktsPerSec"":1,""outLineRatePct"":0}} ",6809,"127.0.1.1",interface,"00000000-0000-0000-0000-000000000002",,Syslog,"/subscriptions/3e961e1c-d0fb-49c3-99aa-44124d56dd2d/resourcegroups/lab-switches/providers/microsoft.hybridcompute/machines/s46r23b-rack01-tor-1","{""name"":""Ethernet 1/1/47:1"",""status"":""up"",""line_proto"":""up"",""mtu"":9216,""HardwareAddr"":""0c:29:ef:c4:cf:4f"",""description"":""P2P_Rack00/B2_To_Rack01/Tor1"",""WaveLength"":850,""MediaFecOption"":""none"",""Iaddr_ipv6"":""MANUAL"",""Iaddr_ipv4"":""100.71.7.10/30"",""LineSpd"":""10G"",""AutoNeg"":""off"",""LastClearedCoutner"":""48 weeks 5 days 19:49:18"",""LastStatusChange"":""7 weeks 6 days 23:58:12"",""Queuing"":""fifo"",""input_stat"":{""pkts"":1525557880,""bytes"":41460703,""multicasts"":3248090,""broadcasts"":8,""unicasts"":1522309782,""runts"":0,""giants"":0,""throttles"":0,""crc"":0,""overrun"":0,""discarded"":0},""output_stat"":{""pkts"":504394860,""bytes"":142567102,""multicasts"":4575976,""broadcasts"":1,""unicasts"":499818883,""throttles"":0,""discarded"":0,""collisions"":0,""wred_drops"":0},""rate_info"":{""inRateMbps"":0,""inPktsPerSec"":3,""inLineRatePct"":0,""outRateMbps"":0,""outPktsPerSec"":1,""outLineRatePct"":0}}"
